"source","category","lines","status"
"de/rwth/idsg/steve/Application.java","Application.java","70","Inventory only; see PARITY.md for implemented subsets"
"de/rwth/idsg/steve/ApplicationProfile.java","ApplicationProfile.java","20","Inventory only; see PARITY.md for implemented subsets"
"de/rwth/idsg/steve/ApplicationStarter.java","ApplicationStarter.java","7","Inventory only; see PARITY.md for implemented subsets"
"de/rwth/idsg/steve/config/ApiDocsConfiguration.java","config","44","Inventory only; see PARITY.md for implemented subsets"
"de/rwth/idsg/steve/config/BeanConfiguration.java","config","242","Inventory only; see PARITY.md for implemented subsets"
"de/rwth/idsg/steve/config/OcppConfiguration.java","config","79","Inventory only; see PARITY.md for implemented subsets"
"de/rwth/idsg/steve/config/SecurityConfiguration.java","config","282","Inventory only; see PARITY.md for implemented subsets"
"de/rwth/idsg/steve/config/WebSocketConfiguration.java","config","49","Inventory only; see PARITY.md for implemented subsets"
"de/rwth/idsg/steve/JettyServer.java","JettyServer.java","286","Inventory only; see PARITY.md for implemented subsets"
"de/rwth/idsg/steve/NotificationFeature.java","NotificationFeature.java","30","Inventory only; see PARITY.md for implemented subsets"
"de/rwth/idsg/steve/ocpp/ChargePointService12_Invoker.java","ocpp","33","Inventory only; see PARITY.md for implemented subsets"
"de/rwth/idsg/steve/ocpp/ChargePointService12_InvokerImpl.java","ocpp","123","Inventory only; see PARITY.md for implemented subsets"
"de/rwth/idsg/steve/ocpp/ChargePointService15_Invoker.java","ocpp","24","Inventory only; see PARITY.md for implemented subsets"
"de/rwth/idsg/steve/ocpp/ChargePointService15_InvokerImpl.java","ocpp","184","Inventory only; see PARITY.md for implemented subsets"
"de/rwth/idsg/steve/ocpp/ChargePointService16_Invoker.java","ocpp","19","Inventory only; see PARITY.md for implemented subsets"
"de/rwth/idsg/steve/ocpp/ChargePointService16_InvokerImpl.java","ocpp","206","Inventory only; see PARITY.md for implemented subsets"
"de/rwth/idsg/steve/ocpp/CommunicationTask.java","ocpp","177","Inventory only; see PARITY.md for implemented subsets"
"de/rwth/idsg/steve/ocpp/converter/Convert.java","ocpp","11","Inventory only; see PARITY.md for implemented subsets"
"de/rwth/idsg/steve/ocpp/converter/Server12to15.java","ocpp","48","Inventory only; see PARITY.md for implemented subsets"
"de/rwth/idsg/steve/ocpp/converter/Server12to15Impl.java","ocpp","187","Inventory only; see PARITY.md for implemented subsets"
"de/rwth/idsg/steve/ocpp/converter/Server15to16.java","ocpp","52","Inventory only; see PARITY.md for implemented subsets"
"de/rwth/idsg/steve/ocpp/converter/Server15to16Impl.java","ocpp","298","Inventory only; see PARITY.md for implemented subsets"
"de/rwth/idsg/steve/ocpp/Ocpp15AndAboveTask.java","ocpp","26","Inventory only; see PARITY.md for implemented subsets"
"de/rwth/idsg/steve/ocpp/Ocpp16AndAboveTask.java","ocpp","26","Inventory only; see PARITY.md for implemented subsets"
"de/rwth/idsg/steve/ocpp/OcppCallback.java","ocpp","22","Inventory only; see PARITY.md for implemented subsets"
"de/rwth/idsg/steve/ocpp/OcppProtocol.java","ocpp","46","Inventory only; see PARITY.md for implemented subsets"
"de/rwth/idsg/steve/ocpp/OcppTransport.java","ocpp","34","Inventory only; see PARITY.md for implemented subsets"
"de/rwth/idsg/steve/ocpp/OcppVersion.java","ocpp","32","Inventory only; see PARITY.md for implemented subsets"
"de/rwth/idsg/steve/ocpp/RequestResult.java","ocpp","24","Inventory only; see PARITY.md for implemented subsets"
"de/rwth/idsg/steve/ocpp/soap/CentralSystemService12_SoapServer.java","ocpp","257","Inventory only; see PARITY.md for implemented subsets"
"de/rwth/idsg/steve/ocpp/soap/CentralSystemService15_SoapServer.java","ocpp","256","Inventory only; see PARITY.md for implemented subsets"
"de/rwth/idsg/steve/ocpp/soap/CentralSystemService16_SoapServer.java","ocpp","234","Inventory only; see PARITY.md for implemented subsets"
"de/rwth/idsg/steve/ocpp/soap/ClientProvider.java","ocpp","78","Inventory only; see PARITY.md for implemented subsets"
"de/rwth/idsg/steve/ocpp/soap/ClientProviderWithCache.java","ocpp","32","Inventory only; see PARITY.md for implemented subsets"
"de/rwth/idsg/steve/ocpp/soap/LoggingFeatureProxy.java","ocpp","39","Inventory only; see PARITY.md for implemented subsets"
"de/rwth/idsg/steve/ocpp/soap/MediatorInInterceptor.java","ocpp","118","Inventory only; see PARITY.md for implemented subsets"
"de/rwth/idsg/steve/ocpp/soap/MessageHeaderInterceptor.java","ocpp","130","Inventory only; see PARITY.md for implemented subsets"
"de/rwth/idsg/steve/ocpp/soap/MessageIdInterceptor.java","ocpp","36","Inventory only; see PARITY.md for implemented subsets"
"de/rwth/idsg/steve/ocpp/task/CancelReservationTask.java","ocpp","70","Inventory only; see PARITY.md for implemented subsets"
"de/rwth/idsg/steve/ocpp/task/ChangeAvailabilityTask.java","ocpp","74","Inventory only; see PARITY.md for implemented subsets"
"de/rwth/idsg/steve/ocpp/task/ChangeConfigurationTask.java","ocpp","74","Inventory only; see PARITY.md for implemented subsets"
"de/rwth/idsg/steve/ocpp/task/ClearCacheTask.java","ocpp","68","Inventory only; see PARITY.md for implemented subsets"
"de/rwth/idsg/steve/ocpp/task/ClearChargingProfileTask.java","ocpp","72","Inventory only; see PARITY.md for implemented subsets"
"de/rwth/idsg/steve/ocpp/task/DataTransferTask.java","ocpp","88","Inventory only; see PARITY.md for implemented subsets"
"de/rwth/idsg/steve/ocpp/task/GetCompositeScheduleTask.java","ocpp","55","Inventory only; see PARITY.md for implemented subsets"
"de/rwth/idsg/steve/ocpp/task/GetConfigurationTask.java","ocpp","102","Inventory only; see PARITY.md for implemented subsets"
"de/rwth/idsg/steve/ocpp/task/GetDiagnosticsTask.java","ocpp","85","Inventory only; see PARITY.md for implemented subsets"
"de/rwth/idsg/steve/ocpp/task/GetLocalListVersionTask.java","ocpp","52","Inventory only; see PARITY.md for implemented subsets"
"de/rwth/idsg/steve/ocpp/task/RemoteStartTransactionTask.java","ocpp","78","Inventory only; see PARITY.md for implemented subsets"
"de/rwth/idsg/steve/ocpp/task/RemoteStopTransactionTask.java","ocpp","71","Inventory only; see PARITY.md for implemented subsets"
"de/rwth/idsg/steve/ocpp/task/ReserveNowTask.java","ocpp","96","Inventory only; see PARITY.md for implemented subsets"
"de/rwth/idsg/steve/ocpp/task/ResetTask.java","ocpp","71","Inventory only; see PARITY.md for implemented subsets"
"de/rwth/idsg/steve/ocpp/task/SendLocalListTask.java","ocpp","119","Inventory only; see PARITY.md for implemented subsets"
"de/rwth/idsg/steve/ocpp/task/SetChargingProfileTask.java","ocpp","97","Inventory only; see PARITY.md for implemented subsets"
"de/rwth/idsg/steve/ocpp/task/TriggerMessageTask.java","ocpp","39","Inventory only; see PARITY.md for implemented subsets"
"de/rwth/idsg/steve/ocpp/task/UnlockConnectorTask.java","ocpp","71","Inventory only; see PARITY.md for implemented subsets"
"de/rwth/idsg/steve/ocpp/task/UpdateFirmwareTask.java","ocpp","83","Inventory only; see PARITY.md for implemented subsets"
"de/rwth/idsg/steve/ocpp/TaskOrigin.java","ocpp","13","Inventory only; see PARITY.md for implemented subsets"
"de/rwth/idsg/steve/ocpp/ws/AbstractTypeStore.java","ocpp","98","Inventory only; see PARITY.md for implemented subsets"
"de/rwth/idsg/steve/ocpp/ws/AbstractWebSocketEndpoint.java","ocpp","214","Inventory only; see PARITY.md for implemented subsets"
"de/rwth/idsg/steve/ocpp/ws/ChargePointServiceInvoker.java","ocpp","63","Inventory only; see PARITY.md for implemented subsets"
"de/rwth/idsg/steve/ocpp/ws/ConcurrentWebSocketHandler.java","ocpp","53","Inventory only; see PARITY.md for implemented subsets"
"de/rwth/idsg/steve/ocpp/ws/custom/CustomStringModule.java","ocpp","84","Inventory only; see PARITY.md for implemented subsets"
"de/rwth/idsg/steve/ocpp/ws/custom/EnumMixin.java","ocpp","9","Inventory only; see PARITY.md for implemented subsets"
"de/rwth/idsg/steve/ocpp/ws/custom/EnumProcessor.java","ocpp","34","Inventory only; see PARITY.md for implemented subsets"
"de/rwth/idsg/steve/ocpp/ws/custom/MeterValue15Deserializer.java","ocpp","78","Inventory only; see PARITY.md for implemented subsets"
"de/rwth/idsg/steve/ocpp/ws/custom/MeterValue15Mixin.java","ocpp","12","Inventory only; see PARITY.md for implemented subsets"
"de/rwth/idsg/steve/ocpp/ws/custom/WsSessionSelectStrategy.java","ocpp","10","Inventory only; see PARITY.md for implemented subsets"
"de/rwth/idsg/steve/ocpp/ws/custom/WsSessionSelectStrategyEnum.java","ocpp","44","Inventory only; see PARITY.md for implemented subsets"
"de/rwth/idsg/steve/ocpp/ws/data/ActionResponsePair.java","ocpp","12","Inventory only; see PARITY.md for implemented subsets"
"de/rwth/idsg/steve/ocpp/ws/data/CommunicationContext.java","ocpp","86","Inventory only; see PARITY.md for implemented subsets"
"de/rwth/idsg/steve/ocpp/ws/data/ErrorCode.java","ocpp","40","Inventory only; see PARITY.md for implemented subsets"
"de/rwth/idsg/steve/ocpp/ws/data/FutureResponseContext.java","ocpp","15","Inventory only; see PARITY.md for implemented subsets"
"de/rwth/idsg/steve/ocpp/ws/data/MessageType.java","ocpp","23","Inventory only; see PARITY.md for implemented subsets"
"de/rwth/idsg/steve/ocpp/ws/data/OcppJsonCall.java","ocpp","16","Inventory only; see PARITY.md for implemented subsets"
"de/rwth/idsg/steve/ocpp/ws/data/OcppJsonError.java","ocpp","54","Inventory only; see PARITY.md for implemented subsets"
"de/rwth/idsg/steve/ocpp/ws/data/OcppJsonMessage.java","ocpp","28","Inventory only; see PARITY.md for implemented subsets"
"de/rwth/idsg/steve/ocpp/ws/data/OcppJsonResponse.java","ocpp","7","Inventory only; see PARITY.md for implemented subsets"
"de/rwth/idsg/steve/ocpp/ws/data/OcppJsonResult.java","ocpp","15","Inventory only; see PARITY.md for implemented subsets"
"de/rwth/idsg/steve/ocpp/ws/data/SessionContext.java","ocpp","16","Inventory only; see PARITY.md for implemented subsets"
"de/rwth/idsg/steve/ocpp/ws/ErrorFactory.java","ocpp","43","Inventory only; see PARITY.md for implemented subsets"
"de/rwth/idsg/steve/ocpp/ws/FutureResponseContextStore.java","ocpp","70","Inventory only; see PARITY.md for implemented subsets"
"de/rwth/idsg/steve/ocpp/ws/JsonObjectMapper.java","ocpp","55","Inventory only; see PARITY.md for implemented subsets"
"de/rwth/idsg/steve/ocpp/ws/ocpp12/Ocpp12JacksonModule.java","ocpp","28","Inventory only; see PARITY.md for implemented subsets"
"de/rwth/idsg/steve/ocpp/ws/ocpp12/Ocpp12TypeStore.java","ocpp","15","Inventory only; see PARITY.md for implemented subsets"
"de/rwth/idsg/steve/ocpp/ws/ocpp12/Ocpp12WebSocketEndpoint.java","ocpp","89","Inventory only; see PARITY.md for implemented subsets"
"de/rwth/idsg/steve/ocpp/ws/ocpp15/Ocpp15JacksonModule.java","ocpp","33","Inventory only; see PARITY.md for implemented subsets"
"de/rwth/idsg/steve/ocpp/ws/ocpp15/Ocpp15TypeStore.java","ocpp","16","Inventory only; see PARITY.md for implemented subsets"
"de/rwth/idsg/steve/ocpp/ws/ocpp15/Ocpp15WebSocketEndpoint.java","ocpp","92","Inventory only; see PARITY.md for implemented subsets"
"de/rwth/idsg/steve/ocpp/ws/ocpp16/Ocpp16JacksonModule.java","ocpp","28","Inventory only; see PARITY.md for implemented subsets"
"de/rwth/idsg/steve/ocpp/ws/ocpp16/Ocpp16TypeStore.java","ocpp","15","Inventory only; see PARITY.md for implemented subsets"
"de/rwth/idsg/steve/ocpp/ws/ocpp16/Ocpp16WebSocketEndpoint.java","ocpp","92","Inventory only; see PARITY.md for implemented subsets"
"de/rwth/idsg/steve/ocpp/ws/OcppWebSocketHandshakeHandler.java","ocpp","98","Inventory only; see PARITY.md for implemented subsets"
"de/rwth/idsg/steve/ocpp/ws/PingTask.java","ocpp","115","Inventory only; see PARITY.md for implemented subsets"
"de/rwth/idsg/steve/ocpp/ws/pipeline/AbstractCallHandler.java","ocpp","38","Inventory only; see PARITY.md for implemented subsets"
"de/rwth/idsg/steve/ocpp/ws/pipeline/Deserializer.java","ocpp","209","Inventory only; see PARITY.md for implemented subsets"
"de/rwth/idsg/steve/ocpp/ws/pipeline/IncomingPipeline.java","ocpp","51","Inventory only; see PARITY.md for implemented subsets"
"de/rwth/idsg/steve/ocpp/ws/pipeline/OutgoingCallPipeline.java","ocpp","42","Inventory only; see PARITY.md for implemented subsets"
"de/rwth/idsg/steve/ocpp/ws/pipeline/Sender.java","ocpp","39","Inventory only; see PARITY.md for implemented subsets"
"de/rwth/idsg/steve/ocpp/ws/pipeline/Serializer.java","ocpp","132","Inventory only; see PARITY.md for implemented subsets"
"de/rwth/idsg/steve/ocpp/ws/SessionContextStore.java","ocpp","152","Inventory only; see PARITY.md for implemented subsets"
"de/rwth/idsg/steve/ocpp/ws/TypeStore.java","ocpp","21","Inventory only; see PARITY.md for implemented subsets"
"de/rwth/idsg/steve/ocpp/ws/WebSocketLogger.java","ocpp","55","Inventory only; see PARITY.md for implemented subsets"
"de/rwth/idsg/steve/repository/AddressRepository.java","repository","14","Inventory only; see PARITY.md for implemented subsets"
"de/rwth/idsg/steve/repository/ChargePointRepository.java","repository","37","Inventory only; see PARITY.md for implemented subsets"
"de/rwth/idsg/steve/repository/ChargingProfileRepository.java","repository","46","Inventory only; see PARITY.md for implemented subsets"
"de/rwth/idsg/steve/repository/dto/ChargePoint.java","repository","27","Inventory only; see PARITY.md for implemented subsets"
"de/rwth/idsg/steve/repository/dto/ChargePointSelect.java","repository","27","Inventory only; see PARITY.md for implemented subsets"
"de/rwth/idsg/steve/repository/dto/ChargingProfile.java","repository","44","Inventory only; see PARITY.md for implemented subsets"
"de/rwth/idsg/steve/repository/dto/ChargingProfileAssignment.java","repository","11","Inventory only; see PARITY.md for implemented subsets"
"de/rwth/idsg/steve/repository/dto/ConnectorStatus.java","repository","26","Inventory only; see PARITY.md for implemented subsets"
"de/rwth/idsg/steve/repository/dto/DbVersion.java","repository","10","Inventory only; see PARITY.md for implemented subsets"
"de/rwth/idsg/steve/repository/dto/InsertConnectorStatusParams.java","repository","18","Inventory only; see PARITY.md for implemented subsets"
"de/rwth/idsg/steve/repository/dto/InsertReservationParams.java","repository","13","Inventory only; see PARITY.md for implemented subsets"
"de/rwth/idsg/steve/repository/dto/InsertTransactionParams.java","repository","28","Inventory only; see PARITY.md for implemented subsets"
"de/rwth/idsg/steve/repository/dto/MailSettings.java","repository","17","Inventory only; see PARITY.md for implemented subsets"
"de/rwth/idsg/steve/repository/dto/OcppTag.java","repository","39","Inventory only; see PARITY.md for implemented subsets"
"de/rwth/idsg/steve/repository/dto/Reservation.java","repository","16","Inventory only; see PARITY.md for implemented subsets"
"de/rwth/idsg/steve/repository/dto/TaskOverview.java","repository","24","Inventory only; see PARITY.md for implemented subsets"
"de/rwth/idsg/steve/repository/dto/Transaction.java","repository","56","Inventory only; see PARITY.md for implemented subsets"
"de/rwth/idsg/steve/repository/dto/TransactionDetails.java","repository","34","Inventory only; see PARITY.md for implemented subsets"
"de/rwth/idsg/steve/repository/dto/TransactionStatusUpdate.java","repository","19","Inventory only; see PARITY.md for implemented subsets"
"de/rwth/idsg/steve/repository/dto/UpdateChargeboxParams.java","repository","15","Inventory only; see PARITY.md for implemented subsets"
"de/rwth/idsg/steve/repository/dto/UpdateTransactionParams.java","repository","22","Inventory only; see PARITY.md for implemented subsets"
"de/rwth/idsg/steve/repository/dto/User.java","repository","26","Inventory only; see PARITY.md for implemented subsets"
"de/rwth/idsg/steve/repository/GenericRepository.java","repository","14","Inventory only; see PARITY.md for implemented subsets"
"de/rwth/idsg/steve/repository/impl/AddressRepositoryImpl.java","repository","102","Inventory only; see PARITY.md for implemented subsets"
"de/rwth/idsg/steve/repository/impl/ChargePointRepositoryImpl.java","repository","362","Inventory only; see PARITY.md for implemented subsets"
"de/rwth/idsg/steve/repository/impl/ChargingProfileRepositoryImpl.java","repository","356","Inventory only; see PARITY.md for implemented subsets"
"de/rwth/idsg/steve/repository/impl/GenericRepositoryImpl.java","repository","122","Inventory only; see PARITY.md for implemented subsets"
"de/rwth/idsg/steve/repository/impl/OcppServerRepositoryImpl.java","repository","897","Inventory only; see PARITY.md for implemented subsets"
"de/rwth/idsg/steve/repository/impl/OcppTagRepositoryImpl.java","repository","280","Inventory only; see PARITY.md for implemented subsets"
"de/rwth/idsg/steve/repository/impl/ReservationRepositoryImpl.java","repository","233","Inventory only; see PARITY.md for implemented subsets"
"de/rwth/idsg/steve/repository/impl/SettingsRepositoryImpl.java","repository","136","Inventory only; see PARITY.md for implemented subsets"
"de/rwth/idsg/steve/repository/impl/TaskStoreImpl.java","repository","65","Inventory only; see PARITY.md for implemented subsets"
"de/rwth/idsg/steve/repository/impl/TransactionRepositoryImpl.java","repository","345","Inventory only; see PARITY.md for implemented subsets"
"de/rwth/idsg/steve/repository/impl/UserRepositoryImpl.java","repository","255","Inventory only; see PARITY.md for implemented subsets"
"de/rwth/idsg/steve/repository/OcppServerRepository.java","repository","29","Inventory only; see PARITY.md for implemented subsets"
"de/rwth/idsg/steve/repository/OcppTagRepository.java","repository","77","Inventory only; see PARITY.md for implemented subsets"
"de/rwth/idsg/steve/repository/ReservationRepository.java","repository","31","Inventory only; see PARITY.md for implemented subsets"
"de/rwth/idsg/steve/repository/ReservationStatus.java","repository","38","Inventory only; see PARITY.md for implemented subsets"
"de/rwth/idsg/steve/repository/SettingsRepository.java","repository","12","Inventory only; see PARITY.md for implemented subsets"
"de/rwth/idsg/steve/repository/TaskStore.java","repository","13","Inventory only; see PARITY.md for implemented subsets"
"de/rwth/idsg/steve/repository/TransactionRepository.java","repository","22","Inventory only; see PARITY.md for implemented subsets"
"de/rwth/idsg/steve/repository/UserRepository.java","repository","16","Inventory only; see PARITY.md for implemented subsets"
"de/rwth/idsg/steve/service/BackgroundService.java","service","50","Inventory only; see PARITY.md for implemented subsets"
"de/rwth/idsg/steve/service/CentralSystemService16_Service.java","service","597","Inventory only; see PARITY.md for implemented subsets"
"de/rwth/idsg/steve/service/ChargePointHelperService.java","service","227","Inventory only; see PARITY.md for implemented subsets"
"de/rwth/idsg/steve/service/ChargePointService12_Client.java","service","148","Inventory only; see PARITY.md for implemented subsets"
"de/rwth/idsg/steve/service/ChargePointService15_Client.java","service","138","Inventory only; see PARITY.md for implemented subsets"
"de/rwth/idsg/steve/service/ChargePointService16_Client.java","service","121","Inventory only; see PARITY.md for implemented subsets"
"de/rwth/idsg/steve/service/dto/EnhancedReserveNowParams.java","service","22","Inventory only; see PARITY.md for implemented subsets"
"de/rwth/idsg/steve/service/dto/EnhancedSetChargingProfileParams.java","service","23","Inventory only; see PARITY.md for implemented subsets"
"de/rwth/idsg/steve/service/dto/UnidentifiedIncomingObject.java","service","23","Inventory only; see PARITY.md for implemented subsets"
"de/rwth/idsg/steve/service/DummyReleaseCheckService.java","service","10","Inventory only; see PARITY.md for implemented subsets"
"de/rwth/idsg/steve/service/GithubReleaseCheckService.java","service","112","Inventory only; see PARITY.md for implemented subsets"
"de/rwth/idsg/steve/service/MailService.java","service","135","Inventory only; see PARITY.md for implemented subsets"
"de/rwth/idsg/steve/service/notification/OccpStationBooted.java","service","12","Inventory only; see PARITY.md for implemented subsets"
"de/rwth/idsg/steve/service/notification/OcppStationStatusFailure.java","service","11","Inventory only; see PARITY.md for implemented subsets"
"de/rwth/idsg/steve/service/notification/OcppStationWebSocketConnected.java","service","9","Inventory only; see PARITY.md for implemented subsets"
"de/rwth/idsg/steve/service/notification/OcppStationWebSocketDisconnected.java","service","9","Inventory only; see PARITY.md for implemented subsets"
"de/rwth/idsg/steve/service/notification/OcppTransactionEnded.java","service","10","Inventory only; see PARITY.md for implemented subsets"
"de/rwth/idsg/steve/service/notification/OcppTransactionStarted.java","service","11","Inventory only; see PARITY.md for implemented subsets"
"de/rwth/idsg/steve/service/NotificationService.java","service","159","Inventory only; see PARITY.md for implemented subsets"
"de/rwth/idsg/steve/service/OcppTagService.java","service","364","Inventory only; see PARITY.md for implemented subsets"
"de/rwth/idsg/steve/service/ReleaseCheckService.java","service","7","Inventory only; see PARITY.md for implemented subsets"
"de/rwth/idsg/steve/service/TransactionStopService.java","service","141","Inventory only; see PARITY.md for implemented subsets"
"de/rwth/idsg/steve/service/UnidentifiedIncomingObjectService.java","service","54","Inventory only; see PARITY.md for implemented subsets"
"de/rwth/idsg/steve/SteveAppContext.java","SteveAppContext.java","160","Inventory only; see PARITY.md for implemented subsets"
"de/rwth/idsg/steve/SteveConfiguration.java","SteveConfiguration.java","213","Inventory only; see PARITY.md for implemented subsets"
"de/rwth/idsg/steve/SteveDevStarter.java","SteveDevStarter.java","25","Inventory only; see PARITY.md for implemented subsets"
"de/rwth/idsg/steve/SteveException.java","SteveException.java","54","Inventory only; see PARITY.md for implemented subsets"
"de/rwth/idsg/steve/SteveProdCondition.java","SteveProdCondition.java","18","Inventory only; see PARITY.md for implemented subsets"
"de/rwth/idsg/steve/SteveProdStarter.java","SteveProdStarter.java","154","Inventory only; see PARITY.md for implemented subsets"
"de/rwth/idsg/steve/utils/ConnectorStatusCountFilter.java","utils","57","Inventory only; see PARITY.md for implemented subsets"
"de/rwth/idsg/steve/utils/ConnectorStatusFilter.java","utils","123","Inventory only; see PARITY.md for implemented subsets"
"de/rwth/idsg/steve/utils/ControllerHelper.java","utils","31","Inventory only; see PARITY.md for implemented subsets"
"de/rwth/idsg/steve/utils/CountryCodesProvider.java","utils","40","Inventory only; see PARITY.md for implemented subsets"
"de/rwth/idsg/steve/utils/CustomDSL.java","utils","58","Inventory only; see PARITY.md for implemented subsets"
"de/rwth/idsg/steve/utils/DateConverter.java","utils","37","Inventory only; see PARITY.md for implemented subsets"
"de/rwth/idsg/steve/utils/DateTimeConverter.java","utils","37","Inventory only; see PARITY.md for implemented subsets"
"de/rwth/idsg/steve/utils/DateTimeUtils.java","utils","98","Inventory only; see PARITY.md for implemented subsets"
"de/rwth/idsg/steve/utils/InternetChecker.java","utils","65","Inventory only; see PARITY.md for implemented subsets"
"de/rwth/idsg/steve/utils/LogFileRetriever.java","utils","97","Inventory only; see PARITY.md for implemented subsets"
"de/rwth/idsg/steve/utils/mapper/AddressMapper.java","utils","24","Inventory only; see PARITY.md for implemented subsets"
"de/rwth/idsg/steve/utils/mapper/ChargePointDetailsMapper.java","utils","30","Inventory only; see PARITY.md for implemented subsets"
"de/rwth/idsg/steve/utils/mapper/ChargingProfileDetailsMapper.java","utils","55","Inventory only; see PARITY.md for implemented subsets"
"de/rwth/idsg/steve/utils/mapper/OcppTagFormMapper.java","utils","34","Inventory only; see PARITY.md for implemented subsets"
"de/rwth/idsg/steve/utils/mapper/UserFormMapper.java","utils","31","Inventory only; see PARITY.md for implemented subsets"
"de/rwth/idsg/steve/utils/OutboundHttp.java","utils","145","Inventory only; see PARITY.md for implemented subsets"
"de/rwth/idsg/steve/utils/PropertiesFileLoader.java","utils","164","Inventory only; see PARITY.md for implemented subsets"
"de/rwth/idsg/steve/utils/StringUtils.java","utils","74","Inventory only; see PARITY.md for implemented subsets"
"de/rwth/idsg/steve/utils/TransactionStopServiceHelper.java","utils","69","Inventory only; see PARITY.md for implemented subsets"
"de/rwth/idsg/steve/web/api/ApiControllerAdvice.java","web","101","Inventory only; see PARITY.md for implemented subsets"
"de/rwth/idsg/steve/web/api/exception/BadRequestException.java","web","8","Inventory only; see PARITY.md for implemented subsets"
"de/rwth/idsg/steve/web/api/OcppTagsRestController.java","web","140","Inventory only; see PARITY.md for implemented subsets"
"de/rwth/idsg/steve/web/api/TransactionsRestController.java","web","48","Inventory only; see PARITY.md for implemented subsets"
"de/rwth/idsg/steve/web/BatchInsertConverter.java","web","44","Inventory only; see PARITY.md for implemented subsets"
"de/rwth/idsg/steve/web/ChargePointSelectEditor.java","web","27","Inventory only; see PARITY.md for implemented subsets"
"de/rwth/idsg/steve/web/controller/AboutSettingsController.java","web","92","Inventory only; see PARITY.md for implemented subsets"
"de/rwth/idsg/steve/web/controller/AjaxCallController.java","web","92","Inventory only; see PARITY.md for implemented subsets"
"de/rwth/idsg/steve/web/controller/ApiController.java","web","741","Inventory only; see PARITY.md for implemented subsets"
"de/rwth/idsg/steve/web/controller/ChargePointsController.java","web","220","Inventory only; see PARITY.md for implemented subsets"
"de/rwth/idsg/steve/web/controller/ChargingProfilesController.java","web","130","Inventory only; see PARITY.md for implemented subsets"
"de/rwth/idsg/steve/web/controller/HomeController.java","web","77","Inventory only; see PARITY.md for implemented subsets"
"de/rwth/idsg/steve/web/controller/LogController.java","web","63","Inventory only; see PARITY.md for implemented subsets"
"de/rwth/idsg/steve/web/controller/Ocpp12Controller.java","web","264","Inventory only; see PARITY.md for implemented subsets"
"de/rwth/idsg/steve/web/controller/Ocpp15Controller.java","web","201","Inventory only; see PARITY.md for implemented subsets"
"de/rwth/idsg/steve/web/controller/Ocpp16Controller.java","web","222","Inventory only; see PARITY.md for implemented subsets"
"de/rwth/idsg/steve/web/controller/OcppTagsController.java","web","169","Inventory only; see PARITY.md for implemented subsets"
"de/rwth/idsg/steve/web/controller/SignOutController.java","web","25","Inventory only; see PARITY.md for implemented subsets"
"de/rwth/idsg/steve/web/controller/TaskController.java","web","95","Inventory only; see PARITY.md for implemented subsets"
"de/rwth/idsg/steve/web/controller/TransactionsReservationsController.java","web","132","Inventory only; see PARITY.md for implemented subsets"
"de/rwth/idsg/steve/web/controller/UsersController.java","web","131","Inventory only; see PARITY.md for implemented subsets"
"de/rwth/idsg/steve/web/dto/Address.java","web","41","Inventory only; see PARITY.md for implemented subsets"
"de/rwth/idsg/steve/web/dto/ChargePointBatchInsertForm.java","web","19","Inventory only; see PARITY.md for implemented subsets"
"de/rwth/idsg/steve/web/dto/ChargePointForm.java","web","45","Inventory only; see PARITY.md for implemented subsets"
"de/rwth/idsg/steve/web/dto/ChargePointQueryForm.java","web","57","Inventory only; see PARITY.md for implemented subsets"
"de/rwth/idsg/steve/web/dto/ChargingProfileAssignmentQueryForm.java","web","16","Inventory only; see PARITY.md for implemented subsets"
"de/rwth/idsg/steve/web/dto/ChargingProfileForm.java","web","121","Inventory only; see PARITY.md for implemented subsets"
"de/rwth/idsg/steve/web/dto/ChargingProfileQueryForm.java","web","24","Inventory only; see PARITY.md for implemented subsets"
"de/rwth/idsg/steve/web/dto/ConnectorStatusForm.java","web","13","Inventory only; see PARITY.md for implemented subsets"
"de/rwth/idsg/steve/web/dto/EndpointInfo.java","web","38","Inventory only; see PARITY.md for implemented subsets"
"de/rwth/idsg/steve/web/dto/ocpp/AvailabilityType.java","web","25","Inventory only; see PARITY.md for implemented subsets"
"de/rwth/idsg/steve/web/dto/ocpp/CancelReservationParams.java","web","16","Inventory only; see PARITY.md for implemented subsets"
"de/rwth/idsg/steve/web/dto/ocpp/ChangeAvailabilityParams.java","web","25","Inventory only; see PARITY.md for implemented subsets"
"de/rwth/idsg/steve/web/dto/ocpp/ChangeConfigurationParams.java","web","82","Inventory only; see PARITY.md for implemented subsets"
"de/rwth/idsg/steve/web/dto/ocpp/ChargePointSelection.java","web","9","Inventory only; see PARITY.md for implemented subsets"
"de/rwth/idsg/steve/web/dto/ocpp/ClearChargingProfileFilterType.java","web","26","Inventory only; see PARITY.md for implemented subsets"
"de/rwth/idsg/steve/web/dto/ocpp/ClearChargingProfileParams.java","web","36","Inventory only; see PARITY.md for implemented subsets"
"de/rwth/idsg/steve/web/dto/ocpp/ConfigurationKeyEnum.java","web","140","Inventory only; see PARITY.md for implemented subsets"
"de/rwth/idsg/steve/web/dto/ocpp/ConfigurationKeyReadWriteEnum.java","web","13","Inventory only; see PARITY.md for implemented subsets"
"de/rwth/idsg/steve/web/dto/ocpp/DataTransferParams.java","web","18","Inventory only; see PARITY.md for implemented subsets"
"de/rwth/idsg/steve/web/dto/ocpp/GetCompositeScheduleParams.java","web","25","Inventory only; see PARITY.md for implemented subsets"
"de/rwth/idsg/steve/web/dto/ocpp/GetConfigurationParams.java","web","31","Inventory only; see PARITY.md for implemented subsets"
"de/rwth/idsg/steve/web/dto/ocpp/GetDiagnosticsParams.java","web","37","Inventory only; see PARITY.md for implemented subsets"
"de/rwth/idsg/steve/web/dto/ocpp/MultipleChargePointSelect.java","web","19","Inventory only; see PARITY.md for implemented subsets"
"de/rwth/idsg/steve/web/dto/ocpp/RemoteStartTransactionParams.java","web","31","Inventory only; see PARITY.md for implemented subsets"
"de/rwth/idsg/steve/web/dto/ocpp/RemoteStopTransactionParams.java","web","14","Inventory only; see PARITY.md for implemented subsets"
"de/rwth/idsg/steve/web/dto/ocpp/ReserveNowParams.java","web","29","Inventory only; see PARITY.md for implemented subsets"
"de/rwth/idsg/steve/web/dto/ocpp/ResetParams.java","web","14","Inventory only; see PARITY.md for implemented subsets"
"de/rwth/idsg/steve/web/dto/ocpp/ResetType.java","web","25","Inventory only; see PARITY.md for implemented subsets"
"de/rwth/idsg/steve/web/dto/ocpp/SendLocalListParams.java","web","51","Inventory only; see PARITY.md for implemented subsets"
"de/rwth/idsg/steve/web/dto/ocpp/SendLocalListUpdateType.java","web","25","Inventory only; see PARITY.md for implemented subsets"
"de/rwth/idsg/steve/web/dto/ocpp/SetChargingProfileParams.java","web","21","Inventory only; see PARITY.md for implemented subsets"
"de/rwth/idsg/steve/web/dto/ocpp/SingleChargePointSelect.java","web","19","Inventory only; see PARITY.md for implemented subsets"
"de/rwth/idsg/steve/web/dto/ocpp/TriggerMessageEnum.java","web","31","Inventory only; see PARITY.md for implemented subsets"
"de/rwth/idsg/steve/web/dto/ocpp/TriggerMessageParams.java","web","18","Inventory only; see PARITY.md for implemented subsets"
"de/rwth/idsg/steve/web/dto/ocpp/UnlockConnectorParams.java","web","16","Inventory only; see PARITY.md for implemented subsets"
"de/rwth/idsg/steve/web/dto/ocpp/UpdateFirmwareParams.java","web","30","Inventory only; see PARITY.md for implemented subsets"
"de/rwth/idsg/steve/web/dto/OcppJsonStatus.java","web","18","Inventory only; see PARITY.md for implemented subsets"
"de/rwth/idsg/steve/web/dto/OcppTagBatchInsertForm.java","web","19","Inventory only; see PARITY.md for implemented subsets"
"de/rwth/idsg/steve/web/dto/OcppTagForm.java","web","47","Inventory only; see PARITY.md for implemented subsets"
"de/rwth/idsg/steve/web/dto/OcppTagQueryForm.java","web","98","Inventory only; see PARITY.md for implemented subsets"
"de/rwth/idsg/steve/web/dto/QueryForm.java","web","50","Inventory only; see PARITY.md for implemented subsets"
"de/rwth/idsg/steve/web/dto/ReleaseReport.java","web","19","Inventory only; see PARITY.md for implemented subsets"
"de/rwth/idsg/steve/web/dto/ReleaseResponse.java","web","17","Inventory only; see PARITY.md for implemented subsets"
"de/rwth/idsg/steve/web/dto/ReservationQueryForm.java","web","56","Inventory only; see PARITY.md for implemented subsets"
"de/rwth/idsg/steve/web/dto/SettingsForm.java","web","56","Inventory only; see PARITY.md for implemented subsets"
"de/rwth/idsg/steve/web/dto/Statistics.java","web","24","Inventory only; see PARITY.md for implemented subsets"
"de/rwth/idsg/steve/web/dto/TransactionQueryForm.java","web","108","Inventory only; see PARITY.md for implemented subsets"
"de/rwth/idsg/steve/web/dto/UserForm.java","web","35","Inventory only; see PARITY.md for implemented subsets"
"de/rwth/idsg/steve/web/dto/UserQueryForm.java","web","34","Inventory only; see PARITY.md for implemented subsets"
"de/rwth/idsg/steve/web/dto/UserSex.java","web","32","Inventory only; see PARITY.md for implemented subsets"
"de/rwth/idsg/steve/web/GlobalControllerAdvice.java","web","43","Inventory only; see PARITY.md for implemented subsets"
"de/rwth/idsg/steve/web/LocalDateEditor.java","web","32","Inventory only; see PARITY.md for implemented subsets"
"de/rwth/idsg/steve/web/LocalDateTimeEditor.java","web","45","Inventory only; see PARITY.md for implemented subsets"
"de/rwth/idsg/steve/web/validation/ChargeBoxId.java","web","24","Inventory only; see PARITY.md for implemented subsets"
"de/rwth/idsg/steve/web/validation/ChargeBoxIdListValidator.java","web","25","Inventory only; see PARITY.md for implemented subsets"
"de/rwth/idsg/steve/web/validation/ChargeBoxIdValidator.java","web","21","Inventory only; see PARITY.md for implemented subsets"
"de/rwth/idsg/steve/web/validation/EmailCollection.java","web","24","Inventory only; see PARITY.md for implemented subsets"
"de/rwth/idsg/steve/web/validation/EmailCollectionValidator.java","web","27","Inventory only; see PARITY.md for implemented subsets"
"de/rwth/idsg/steve/web/validation/IdTag.java","web","24","Inventory only; see PARITY.md for implemented subsets"
"de/rwth/idsg/steve/web/validation/IdTagListValidator.java","web","25","Inventory only; see PARITY.md for implemented subsets"
"de/rwth/idsg/steve/web/validation/IdTagValidator.java","web","21","Inventory only; see PARITY.md for implemented subsets"
